{
    "cam1": {
        "K": [
            [
                977.7098084754621,
                0.0,
                335.8841498061512
            ],
            [
                0.0,
                979.9911967245856,
                176.65644182357872
            ],
            [
                0.0,
                0.0,
                1.0
            ]
        ],
        "R": [
            [
                1.0,
                0.0,
                0.0
            ],
            [
                0.0,
                1.0,
                0.0
            ],
            [
                0.0,
                0.0,
                1.0
            ]
        ],
        "T": [
            0.0,
            0.0,
            0.0
        ],
        "dist_coeffs": [
            0.0825897523198438,
            1.8856984758510646,
            -0.0004110096728834827,
            -0.007382691276807279,
            -19.39461462944097
        ],
        "img_width": 640,
        "img_height": 360
    },
    "cam2": {
        "K": [
            [
                1004.1159721820419,
                0.0,
                334.01989501850477
            ],
            [
                0.0,
                1006.6338754307774,
                177.65864407176053
            ],
            [
                0.0,
                0.0,
                1.0
            ]
        ],
        "R": [
            [
                0.9990494614082743,
                0.03185315721938541,
                0.029758192737362608
            ],
            [
                -0.03248090393026049,
                0.9992547495451927,
                0.020855128655741198
            ],
            [
                -0.02907171373878902,
                -0.02180187805055895,
                0.9993395386823032
            ]
        ],
        "T": [
            79.0112127942458,
            -1.5209496861100213,
            -1.3916077271038956
        ],
        "dist_coeffs": [
            0.19594169880291779,
            -1.54766832275955,
            0.006651069238980549,
            0.007951671364710061,
            7.10191258831799
        ],
        "img_width": 640,
        "img_height": 360
    }
}